{"cameraMode":{"drawMode":0,"name":"Shaded","section":"Shading Mode"},"sceneLighting":true,"audioPlay":false,"sceneViewState":{"m_AlwaysRefresh":false,"showFog":true,"showSkybox":true,"showFlares":true,"showImageEffects":true,"showParticleSystems":true,"showVisualEffectGraphs":true,"m_FxEnabled":true},"in2DMode":false,"pivot":{"x":3.4633941650390627,"y":1.2694873809814454,"z":16.20038604736328},"rotation":{"x":-0.07374726980924607,"y":0.8817700743675232,"z":-0.14710766077041627,"w":-0.44204479455947878},"size":7.8564229011535648,"orthographic":false}